<?xml version="1.0"?>
<!DOCTYPE package-info SYSTEM "http://www.simplemachines.org/xml/package-info">
<package-info xmlns="http://www.simplemachines.org/xml/package-info" xmlns:smf="http://www.simplemachines.org/">
	<id>phantom:fb_slide_box</id>
	<name>Facebook Slide Like Box</name>
	<version>2.1</version>
	<install for="2.0 - 2.0.99">
		<code>hooks.php</code>
		<readme lang="polish" parsebbc="true" type="file">readme/readme.polish.txt</readme>
		<readme lang="english" parsebbc="true" type="file">readme/readme.english.txt</readme>
		<modification format="xml" type="file">profile.xml</modification>
		<require-dir name="Sources" destination="$boarddir" />
		<require-dir name="Themes" destination="$boarddir" />
		<require-dir name="FBSlideLikeBox" destination="$imagesdir" />
		<redirect type="inline" url="$scripturl?action=admin;area=modsettings;sa=FBSlideBox">You are being automatically redirected to the Facebook Slide Like Box settings Page...</redirect>
	</install>

	<!-- I may need this later...
	<upgrade for="2.0 - 2.0.99" from="2.0.2">
		<readme lang="polish" parsebbc="true" type="file">readme/readme.polish.txt</readme>
		<readme lang="english" parsebbc="true" type="file">readme/readme.english.txt</readme>
		<require-file name="Subs-FBSlideLikeBox.php" destination="$sourcedir" />
		<redirect type="inline" url="$scripturl?action=admin;area=modsettings;sa=FBSlideBox">You are being automatically redirected to the Facebook Slide Like Box settings Page...</redirect>
	</upgrade>-->

	<uninstall for="2.0 - 2.0.99">
		<code>hooks.php</code>
		<modification format="xml" type="file" reverse="true">profile.xml</modification>
		<remove-file name="$languagedir/FBSlideLikeBox.english.php" />
		<remove-file name="$languagedir/FBSlideLikeBox.polish.php" />
		<remove-file name="$languagedir/FBSlideLikeBox.polish-utf8.php" />
		<remove-file name="$sourcedir/Subs-FBSlideLikeBox.php" />
		<remove-dir name="$imagesdir/FBSlideLikeBox" />
		<redirect type="inline" url="$scripturl?action=admin;area=packages">You are being automatically redirected to the Package Manager Page...</redirect>
	</uninstall>
</package-info>