<?xml version="1.0"?>
<!DOCTYPE modification SYSTEM "http://www.simplemachines.org/xml/modification">
<modification xmlns="http://www.simplemachines.org/xml/modification" xmlns:smf="http://www.simplemachines.org/">
	<id>phantom:fb_slide_box</id>
	<name>Facebook Slide Like Box</name>
	<version>2.1</version>
	<file name="$themedir/Profile.template.php">
		<operation>
			<search position="replace"><![CDATA[
							</li>
						</ul>
						<dl>
							<dd></dd>';
]]></search>
			<add><![CDATA[
							</li>';

	if (allowedto('FBSlideLikeBox_display') && !empty($modSettings['fb_slide_box_enable']) && !empty($modSettings['fb_slide_box_url']) && !empty($modSettings['fb_slide_box_appId']))
		echo'
							<li>
								<input type="hidden" name="default_options[fb_slide_box_user]" value="0" />
								<label for="fb_slide_box_user"><input type="checkbox" name="default_options[fb_slide_box_user]" id="fb_slide_box_user" value="1"', !empty($context['member']['options']['fb_slide_box_user']) ? ' checked="checked"' : '', ' class="input_check" />', $txt['fb_slide_box_user'] ,'</label>
							</li>';

	echo'
						</ul>
						<dl>
							<dd></dd>';
]]></add>
		</operation>
	</file>
</modification>