<?xml version="1.0"?>
<!DOCTYPE modification SYSTEM "http://www.simplemachines.org/xml/modification">
<!-- This package was generated by SleePys Modification Maker at http://sleepycode.com -->
<modification xmlns="http://www.simplemachines.org/xml/modification" xmlns:smf="http://www.simplemachines.org/">
	<id>[SiNaN]:EmailValidator</id>
	<version>1.0</version>
	<file name="$languagedir/Login.english.php">
		<operation>
			<search position="replace"><![CDATA[$txt['admin_setting_send_welcomeEmail'] = 'Send welcome email to new members';]]></search>
			<add><![CDATA[$txt['admin_setting_send_welcomeEmail'] = 'Send welcome email to new members';
$txt['admin_setting_validateEmail'] = 'Check MX record and validate e-mail';]]></add>
		</operation>
	</file>
	<file name="$languagedir/Login.english-utf8.php" error="skip">
		<operation>
			<search position="replace"><![CDATA[$txt['admin_setting_send_welcomeEmail'] = 'Send welcome email to new members';]]></search>
			<add><![CDATA[$txt['admin_setting_send_welcomeEmail'] = 'Send welcome email to new members';
$txt['admin_setting_validateEmail'] = 'Check MX record and validate e-mail';]]></add>
		</operation>
	</file>
	<file name="$sourcedir/ManageRegistration.php">
		<operation>
			<search position="replace"><![CDATA[			'send_welcomeEmail' => isset($_POST['send_welcomeEmail']) ? 1 : 0,]]></search>
			<add><![CDATA[			'send_welcomeEmail' => isset($_POST['send_welcomeEmail']) ? 1 : 0,
			'validateEmail' => isset($_POST['validateEmail']) ? 1 : 0,]]></add>
		</operation>
	</file>
	<file name="$sourcedir/Subs-Members.php">
		<operation>
			<search position="end" />
			<add><![CDATA[
function smf_domain_exists($email, $record = 'MX')
{
	list($user,$domain) = split('@',$email);

	$function = (function_exists('checkdnsrr') ? '' : 'smf_') . 'checkdnsrr';

	return $function($domain, $record);

}

function smf_checkdnsrr($host, $type='')
{
	if(!empty($host))
	{
		if($type == '')
			$type = "MX";
		exec("nslookup -type=$type $host", $result);
		foreach ($result as $line)
		{
			if(eregi("^$host",$line))
			{
				return true;
			}
		}
		return false;
	}
	return false;
}
]]></add>
		</operation>
		<operation>
			<search position="replace"><![CDATA[	if (empty($regOptions['email']) || preg_match('~^[0-9A-Za-z=_+\-/][0-9A-Za-z=_\'+\-/\.]*@[\w\-]+(\.[\w\-]+)*(\.[\w]{2,6})$~', stripslashes($regOptions['email'])) === 0 || strlen(stripslashes($regOptions['email'])) > 255)]]></search>
			<add><![CDATA[	if (empty($regOptions['email']) || preg_match('~^[0-9A-Za-z=_+\-/][0-9A-Za-z=_\'+\-/\.]*@[\w\-]+(\.[\w\-]+)*(\.[\w]{2,6})$~', stripslashes($regOptions['email'])) === 0 || strlen(stripslashes($regOptions['email'])) > 255 || (!empty($modSettings['validateEmail']) && smf_domain_exists($regOptions['email']) === false))]]></add>
		</operation>
	</file>
	<file name="$themedir/Register.template.php">
		<operation>
			<search position="replace"><![CDATA[								<input type="checkbox" name="send_welcomeEmail" id="send_welcomeEmail_check"', !empty($modSettings['send_welcomeEmail']) ? ' checked="checked"' : '', ' class="check" />
							</td>]]></search>
			<add><![CDATA[								<input type="checkbox" name="send_welcomeEmail" id="send_welcomeEmail_check"', !empty($modSettings['send_welcomeEmail']) ? ' checked="checked"' : '', ' class="check" />
							</td>
						</tr><tr class="windowbg2">
							<th width="50%" align="right">
								<label for="validateEmail_check">', $txt['admin_setting_validateEmail'], '</label>:
							</th>
							<td width="50%" align="left">
								<input type="checkbox" name="validateEmail" id="validateEmail_check"', !empty($modSettings['validateEmail']) ? ' checked="checked"' : '', ' class="check" />
							</td>]]></add>
		</operation>
	</file>
</modification>