<?xml version="1.0"?>
<!DOCTYPE modification SYSTEM "http://www.simplemachines.org/xml/modification">
<!-- This package was generated by SleePys Modification Maker at http://sleepycode.com -->
<modification xmlns="http://www.simplemachines.org/xml/modification" xmlns:smf="http://www.simplemachines.org/">
	<id>[SiNaN]:EmailValidator</id>
	<version>1.0</version>
	<file name="$languagedir/Modifications.english.php">
		<operation>
			<search position="end" />
			<add><![CDATA[
$txt['validateEmail'] = 'Check MX record and validate e-mail';
]]></add>
		</operation>
	</file>
	<file name="$languagedir/Modifications.english-utf8.php" error="skip">
		<operation>
			<search position="end" />
			<add><![CDATA[
$txt['validateEmail'] = 'Check MX record and validate e-mail';
]]></add>
		</operation>
	</file>
	<file name="$sourcedir/ManageRegistration.php">
		<operation>
			<search position="replace"><![CDATA[			array('check', 'send_welcomeEmail'),]]></search>
			<add><![CDATA[			array('check', 'send_welcomeEmail'),
			array('check', 'validateEmail'),]]></add>
		</operation>
	</file>
	<file name="$sourcedir/Subs-Members.php">
		<operation>
			<search position="end" />
			<add><![CDATA[
function smf_domain_exists($email, $record = 'MX')
{
	list($user,$domain) = split('@',$email);

	$function = (function_exists('checkdnsrr') ? '' : 'smf_') . 'checkdnsrr';

	return $function($domain, $record);

}

function smf_checkdnsrr($host, $type='')
{
	if(!empty($host))
	{
		if($type == '')
			$type = "MX";
		exec("nslookup -type=$type $host", $result);
		foreach ($result as $line)
		{
			if(eregi("^$host",$line))
			{
				return true;
			}
		}
		return false;
	}
	return false;
}
]]></add>
		</operation>
		<operation>
			<search position="replace"><![CDATA[	if (empty($regOptions['email']) || preg_match('~^[0-9A-Za-z=_+\-/][0-9A-Za-z=_\'+\-/\.]*@[\w\-]+(\.[\w\-]+)*(\.[\w]{2,6})$~', $regOptions['email']) === 0 || strlen($regOptions['email']) > 255)]]></search>
			<add><![CDATA[	if (empty($regOptions['email']) || preg_match('~^[0-9A-Za-z=_+\-/][0-9A-Za-z=_\'+\-/\.]*@[\w\-]+(\.[\w\-]+)*(\.[\w]{2,6})$~', $regOptions['email']) === 0 || strlen($regOptions['email']) > 255 || (!empty($modSettings['validateEmail']) && smf_domain_exists($regOptions['email']) === false))]]></add>
		</operation>
	</file>
</modification>