<?xml version="1.0"?>
<!DOCTYPE package-info SYSTEM "http://www.simplemachines.org/xml/package-info">
<!-- This package was generated by SleePys Package Maker at http://sleepycode.com -->
<package-info xmlns="http://www.simplemachines.org/xml/package-info" xmlns:smf="http://www.simplemachines.org/">
	<id>[SiNaN]:EmailValidator</id>
	<name>EmailValidator</name>
	<version>1.0</version>
	<type>modification</type>
	<install for="1.1.4 - 1.99.99">
		<modification>install1.xml</modification>
		<readme parsebbc="true">readme.txt</readme>
	</install>
	<install for="2.0 - 2.99.99">
		<modification>install2.xml</modification>
		<readme parsebbc="true">readme.txt</readme>
	</install>
	<uninstall for="1.1.4 - 1.99.99">
		<modification reverse="true">install1.xml</modification>
	</uninstall>
	<uninstall for="2.0 - 2.99.99">
		<modification reverse="true">install2.xml</modification>
	</uninstall>
</package-info>